INSERT INTO USER(ID, LOGIN, PASSWORD) VALUES (1, 'user1', 'test');
INSERT INTO USER(ID, LOGIN, PASSWORD) VALUES (2, 'user2', 'test');
INSERT INTO USER(ID, LOGIN, PASSWORD) VALUES (3, 'user3', 'test');
INSERT INTO USER(ID, LOGIN, PASSWORD) VALUES (4, 'user4', 'test');

INSERT INTO NOTEBOOK(ID, NAME, USER_ID) VALUES (1, 'notebook1-1', 1);
INSERT INTO NOTEBOOK(ID, NAME, USER_ID) VALUES (2, 'notebook1-2', 1);
INSERT INTO NOTEBOOK(ID, NAME, USER_ID) VALUES (3, 'notebook1-3', 1);
INSERT INTO NOTEBOOK(ID, NAME, USER_ID) VALUES (4, 'notebook2-1', 2);
INSERT INTO NOTEBOOK(ID, NAME, USER_ID) VALUES (5, 'notebook2-2', 2);
INSERT INTO NOTEBOOK(ID, NAME, USER_ID) VALUES (6, 'notebook2-3', 2);
INSERT INTO NOTEBOOK(ID, NAME, USER_ID) VALUES (7, 'notebook3-1', 3);
INSERT INTO NOTEBOOK(ID, NAME, USER_ID) VALUES (8, 'notebook3-2', 3);

INSERT INTO NOTE(ID, TITLE, NOTEBOOK_ID) VALUES (1, 'note1-1', 1);
INSERT INTO NOTE(ID, TITLE, NOTEBOOK_ID) VALUES (2, 'note1-2', 1);
INSERT INTO NOTE(ID, TITLE, NOTEBOOK_ID) VALUES (3, 'note2-1', 2);
INSERT INTO NOTE(ID, TITLE, NOTEBOOK_ID) VALUES (4, 'note2-2', 2);
INSERT INTO NOTE(ID, TITLE, NOTEBOOK_ID) VALUES (5, 'note3-1', 3);
INSERT INTO NOTE(ID, TITLE, NOTEBOOK_ID) VALUES (6, 'note4-1', 4);
INSERT INTO NOTE(ID, TITLE, NOTEBOOK_ID) VALUES (7, 'note5-1', 5);
INSERT INTO NOTE(ID, TITLE, NOTEBOOK_ID) VALUES (8, 'note6-1', 6);
INSERT INTO NOTE(ID, TITLE, NOTEBOOK_ID) VALUES (9, 'note7-1', 7);
INSERT INTO NOTE(ID, TITLE, NOTEBOOK_ID) VALUES (10, 'note8-1', 8);

INSERT INTO TAG(ID, NAME) VALUES (1, 'tag1');
INSERT INTO TAG(ID, NAME) VALUES (2, 'tag2');
INSERT INTO TAG(ID, NAME) VALUES (3, 'tag3');
INSERT INTO TAG(ID, NAME) VALUES (4, 'tag4');
INSERT INTO TAG(ID, NAME) VALUES (5, 'tag5');
INSERT INTO TAG(ID, NAME) VALUES (6, 'tag6');
INSERT INTO TAG(ID, NAME) VALUES (7, 'tag7');
INSERT INTO TAG(ID, NAME) VALUES (8, 'tag8');

INSERT INTO NOTE_TAG(ID, NOTE_ID, TAG_ID) VALUES (1, 1, 1);
INSERT INTO NOTE_TAG(ID, NOTE_ID, TAG_ID) VALUES (2, 1, 2);
INSERT INTO NOTE_TAG(ID, NOTE_ID, TAG_ID) VALUES (3, 2, 1);
INSERT INTO NOTE_TAG(ID, NOTE_ID, TAG_ID) VALUES (4, 2, 2);
INSERT INTO NOTE_TAG(ID, NOTE_ID, TAG_ID) VALUES (5, 2, 5);
INSERT INTO NOTE_TAG(ID, NOTE_ID, TAG_ID) VALUES (6, 2, 6);
INSERT INTO NOTE_TAG(ID, NOTE_ID, TAG_ID) VALUES (7, 3, 4);
INSERT INTO NOTE_TAG(ID, NOTE_ID, TAG_ID) VALUES (8, 3, 7);
INSERT INTO NOTE_TAG(ID, NOTE_ID, TAG_ID) VALUES (9, 3, 8);
INSERT INTO NOTE_TAG(ID, NOTE_ID, TAG_ID) VALUES (10, 4, 1);
INSERT INTO NOTE_TAG(ID, NOTE_ID, TAG_ID) VALUES (11, 5, 3);
INSERT INTO NOTE_TAG(ID, NOTE_ID, TAG_ID) VALUES (12, 5, 5);
INSERT INTO NOTE_TAG(ID, NOTE_ID, TAG_ID) VALUES (13, 6, 1);
INSERT INTO NOTE_TAG(ID, NOTE_ID, TAG_ID) VALUES (14, 7, 8);
INSERT INTO NOTE_TAG(ID, NOTE_ID, TAG_ID) VALUES (15, 8, 2);
INSERT INTO NOTE_TAG(ID, NOTE_ID, TAG_ID) VALUES (16, 8, 5);
INSERT INTO NOTE_TAG(ID, NOTE_ID, TAG_ID) VALUES (17, 10, 6);
INSERT INTO NOTE_TAG(ID, NOTE_ID, TAG_ID) VALUES (18, 10, 4);












